<?xml version="1.0" encoding="utf-8" ?>
<breeze-manifest version="1.0" xmlns="http://breeze.macromedia.com/ns/breeze-manifest" generator="Adobe Captivate 3">
	<document type="captivate" icon="captivate" />
	<assets>
		<asset type="document-view">
			
			<entry href="les02_invoker.swf" width="643" height="670" />
			<file href="les02_invoker.swf"/>
			<entry href="les02_invoker_skin.swf" width="643" height="705"/><file href="les02_invoker_skin.swf"/>
			
			
		</asset>
		
		<asset type="document-metadata" location="file"><file href="les02_invoker_BDMetadata.xml"/></asset>
		
	</assets>
</breeze-manifest>
