<?xml version="1.0" encoding="utf-8" ?>
<document-metadata version="1.0" xmlns="http://breeze.macromedia.com/ns/document-metadata" generator="Adobe Captivate 3">
<document-info>
	<title>les02_invoker</title>
	<summary></summary>
	<author>user</author>
	<keywords>Adobe Captivate Project les02_invoker</keywords>
	<view-link href="les02_invoker.swf?slide={position}"/>
</document-info>
<section type="slide" position="1">
	<title></title>

	<content>
	<text>IntroductionIn this demonstration, you see an example of using invoker&apos;s rights.Click Start to begin.</text>

	<text>Use the controls at the bottom to pause, play, fast forward, or rewind the demonstration at any time.</text>
</content>
</section>
<section type="slide" position="2">
	<title></title>

	<content>
	<text>Connect as SYS to create a procedure for changing passwords.</text>
</content>
</section>
<section type="slide" position="6">
	<title></title>

	<content>
	<text>The change_password procedure accepts 2 parameters and uses them in the ALTER USER statement. </text>
</content>
</section>
<section type="slide" position="10">
	<title></title>

	<content>
	<text>To allow users to use this procedure, the execute privilege is granted to PUBLIC.Note that in general, you should limit granting of privileges to PUBLIC.</text>
</content>
</section>
<section type="slide" position="12">
	<title></title>

	<content>
	<text>Connect as hr user to test this procedure.</text>
</content>
</section>
<section type="slide" position="15">
	<title></title>

	<content>
	<text>The hr user should not be able to change SYS&apos;s password, but...</text>
</content>
</section>
<section type="slide" position="18">
	<title></title>

	<content>
	<text>... hr was successful at changing SYS&apos;s password!The change_password procedure is owned by SYS, and by default, executes with SYS&apos;s privileges (definer&apos;s rights).</text>
</content>
</section>
<section type="slide" position="21">
	<title></title>

	<content>
	<text>Now fix the change_password procedure so that it is executed with invoker&apos;s rights.</text>
</content>
</section>
<section type="slide" position="22">
	<title></title>

	<content>
	<text>Adding the AUTHID CURRENT_USER clause will ensure that the procedure is executed with invoker&apos;s rights.</text>
</content>
</section>
<section type="slide" position="23">
	<title></title>

	<content>
	<text>Test the revised change_password procedure. </text>
</content>
</section>
<section type="slide" position="25">
	<title></title>

	<content>
	<text>Can hr change SYS&apos;s password now?</text>
</content>
</section>
<section type="slide" position="27">
	<title></title>

	<content>
	<text>Now hr can no longer change SYS&apos;s (or any other account&apos;s) password.</text>
</content>
</section>
<section type="slide" position="28">
	<title></title>

	<content>
	<text>However, hr should be able to change its own password.</text>
</content>
</section>
<section type="slide" position="30">
	<title></title>

	<content>
	<text>Note that this dynamic SQL contains concatenated input values.This is a SQL injection vulnerability.</text>
</content>
</section>
<section type="slide" position="31">
	<title></title>

	<content>
	<text>Let&apos;s see if the attacker can take advantage of the SQL injection vulnerability and give the HR schema more tablespace quota.</text>
</content>
</section>
<section type="slide" position="32">
	<title></title>

	<content>
	<text>The SQL injection is not successful this time because the procedure is being executed with invoker&apos;s rights.</text>
</content>
</section>
<section type="slide" position="33">
	<title></title>

	<content>
	<text>Although using invoker&apos;s rights does not guarantee the elimination of SQL injection risks, it can help to mitigate the exposure.</text>
</content>
</section>
<section type="slide" position="34">
	<title></title>

	<content>
	<text>SummaryIn this demonstration, you should have learned:hReduce the attack surface by executing code with invoker&apos;s rights.</text>

	<text>Close the window to exit the demonstration.</text>
</content>
</section>
</document-metadata>
