<?xml version="1.0" encoding="utf-8" ?>
<document-metadata version="1.0" xmlns="http://breeze.macromedia.com/ns/document-metadata" generator="Adobe Captivate 3">
<document-info>
	<title>les04_plsql</title>
	<summary></summary>
	<author>Jenny Tsai-Smith</author>
	<keywords>Adobe Captivate Project les04_plsql</keywords>
	<view-link href="les04_plsql.swf?slide={position}"/>
</document-info>
<section type="slide" position="1">
	<title></title>

	<content>
	<text>IntroductionIn this demonstration, you see an example of SQL injection through dynamic PL/SQL.Click Start to begin.</text>

	<text>Use the controls at the bottom to pause, play, fast forward, or rewind the demonstration at any time.</text>
</content>
</section>
<section type="slide" position="4">
	<title></title>

	<content>
	<text>There may be situations where you are required to construct dynamic PL/SQL blocks. This demonstration shows how SQL injection via dynamic PL/SQL can be even more dangerous than via dynamic SQL.</text>
</content>
</section>
<section type="slide" position="5">
	<title></title>

	<content>
	<text>In the GET_AVG_SALARY function, a dynamic PL/SQL block is used to retrieve the average salary.</text>
</content>
</section>
<section type="slide" position="6">
	<title></title>

	<content>
	<text>Note that the most optimal way to write this code is to use static SQL. However, we chose to use this simple code example for the purposes of this demonstration.</text>
</content>
</section>
<section type="slide" position="7">
	<title></title>

	<content>
	<text>Although an OUT bind argument, avgsal, is used, an input parameter, p_job, is concatenated.This is a SQL injection vulnerability!</text>
</content>
</section>
<section type="slide" position="8">
	<title></title>

	<content>
	<text>Let&apos;s test the function using a valid string value, SH_CLERK.</text>
</content>
</section>
<section type="slide" position="10">
	<title></title>

	<content>
	<text>Here is the dynamic PL/SQL block executed.</text>
</content>
</section>
<section type="slide" position="11">
	<title></title>

	<content>
	<text>Next, we&apos;re going to try to stage a SQL injection attack via the dynamic PL/SQL block.We will attempt to change the salary of an employee.</text>
</content>
</section>
<section type="slide" position="12">
	<title></title>

	<content>
	<text>Let&apos;s first determine the employee&apos;s current salary.</text>
</content>
</section>
<section type="slide" position="15">
	<title></title>

	<content>
	<text>Now, let&apos;s see if an UPDATE statement can be injected...</text>
</content>
</section>
<section type="slide" position="21">
	<title></title>

	<content>
	<text>Here is the dynamic PL/SQL block executed.</text>
</content>
</section>
<section type="slide" position="22">
	<title></title>

	<content>
	<text>The UPDATE statement was injected successfully...</text>
</content>
</section>
<section type="slide" position="25">
	<title></title>

	<content>
	<text>... and the employee&apos;s salary was changed.</text>
</content>
</section>
<section type="slide" position="26">
	<title></title>

	<content>
	<text>If we had also injected a COMMIT statement, we would not be able to rollback the change.</text>
</content>
</section>
<section type="slide" position="28">
	<title></title>

	<content>
	<text>As you can see, with dynamic PL/SQL blocks, an attacker can potentially cause even more damage because multiple SQL statements can be injected.</text>
</content>
</section>
<section type="slide" position="29">
	<title></title>

	<content>
	<text>How can this SQL injection vulnerability be eliminated?</text>
</content>
</section>
<section type="slide" position="30">
	<title></title>

	<content>
	<text>We will use an IN bind argument, p_job, with the dynamic PL/SQL.</text>
</content>
</section>
<section type="slide" position="31">
	<title></title>

	<content>
	<text>Note that for this particular code example, a static SQL statement would be the most optimal method to fix the code.However, we are using the fix (a bind argument) that is in-line with the topic of this lesson.</text>
</content>
</section>
<section type="slide" position="36">
	<title></title>

	<content>
	<text>We have confirmed the code still works for a valid input.</text>
</content>
</section>
<section type="slide" position="38">
	<title></title>

	<content>
	<text>We have verified the employee&apos;s current salary.</text>
</content>
</section>
<section type="slide" position="39">
	<title></title>

	<content>
	<text>Let&apos;s see if the same SQL injection attack succeeds...</text>
</content>
</section>
<section type="slide" position="41">
	<title></title>

	<content>
	<text>Here is the dynamic PL/SQL block executed.</text>
</content>
</section>
<section type="slide" position="42">
	<title></title>

	<content>
	<text>Note the UPDATE statement was not executed.</text>
</content>
</section>
<section type="slide" position="43">
	<title></title>

	<content>
	<text>Why was the average salary value not returned?</text>
</content>
</section>
<section type="slide" position="44">
	<title></title>

	<content>
	<text>The average salary is NULL because no JOB_ID column value matched the string that we tried to inject.We successfully foiled the SQL injection attack on multiple fronts.</text>
</content>
</section>
<section type="slide" position="47">
	<title></title>

	<content>
	<text>Double-checking the employee salary value confirms that the UPDATE statement was not executed.</text>
</content>
</section>
<section type="slide" position="48">
	<title></title>

	<content>
	<text>SummaryIn this demonstration, you should have learned:hSQL injection through dynamic PL/SQL blocks can be especially dangerous because multiple statements can be batched together and injected.hEliminate SQL injection vulnerabilities in dynamic PL/SQL blocks by using bind arguments.</text>

	<text>Close the window to exit the demonstration.</text>
</content>
</section>
</document-metadata>
