<?xml version="1.0" encoding="utf-8" ?>
<document-metadata version="1.0" xmlns="http://breeze.macromedia.com/ns/document-metadata" generator="Adobe Captivate 3">
<document-info>
	<title>les04_quiz</title>
	<summary></summary>
	<author>Jenny Tsai-Smith</author>
	<keywords>Adobe Captivate Project les04_quiz</keywords>
	<view-link href="les04_quiz.swf?slide={position}"/>
</document-info>
<section type="slide" position="1">
	<title></title>

	<content>
	<text>Using only bind arguments with dynamic SQL is an effective way of eliminating SQL injection vulnerabilities.</text>

	<text>A) True</text>

	<text>B) False</text>
</content>
</section>
<section type="slide" position="2">
	<title></title>

	<content>
	<text>Select the situations where bind arguments can be used.</text>

	<text>A) The table name in the FROM clause of a SELECT statement.</text>

	<text>B) A comparison value in a WHERE clause of any DML or SELECT statement.</text>

	<text>C) A data value in the VALUES clause of an INSERT statement.</text>

	<text>D) The column name in the WHERE clause of a DELETE statement.</text>

	<text>E) The data value in the SET clause of an UPDATE statement.</text>
</content>
</section>
<section type="slide" position="3">
	<title></title>

	<content>
	<text>End of Lesson 4 Quiz</text>
</content>
</section>
</document-metadata>
