<?xml version="1.0" encoding="utf-8" ?>
<breeze-manifest version="1.0" xmlns="http://breeze.macromedia.com/ns/breeze-manifest" generator="Adobe Captivate 3">
	<document type="captivate" icon="captivate" />
	<assets>
		<asset type="document-view">
			
			<entry href="les01_ovw_avoid.swf" width="680" height="608" />
			<file href="les01_ovw_avoid.swf"/>
			<entry href="les01_ovw_avoid_skin.swf" width="680" height="632"/><file href="les01_ovw_avoid_skin.swf"/>
			
			
		</asset>
		
		<asset type="document-metadata" location="file"><file href="les01_ovw_avoid_BDMetadata.xml"/></asset>
		
	</assets>
</breeze-manifest>
