<?xml version="1.0" encoding="utf-8" ?>
<document-metadata version="1.0" xmlns="http://breeze.macromedia.com/ns/document-metadata" generator="Adobe Captivate 3">
<document-info>
	<title>les01_ovw_attack</title>
	<summary></summary>
	<author>Jenny Tsai-Smith</author>
	<keywords>Adobe Captivate Project les01_ovw_attack</keywords>
	<view-link href="les01_ovw_attack.swf?slide={position}"/>
</document-info>
<section type="slide" position="1">
	<title></title>

	<content>
	<text>IntroductionIn this demonstration, you see an example of a SQL injection attack.Click Start to begin.</text>

	<text>Use the controls at the bottom to pause, play, fast forward, or rewind the demonstration at any time.</text>
</content>
</section>
<section type="slide" position="2">
	<title></title>

	<content>
	<text>Connect as hr to create a procedure for processing user logons.Note: For simplicity in demonstrating the SQL injection attack, this example stores user passwords in plain text.  Do not do this in a production environment.In a production environment, follow the Oracle Database password management guidelines. See Oracle Database Security Guide for password management guidelines and other security recommendations.Click here to continue.</text>
</content>
</section>
<section type="slide" position="4">
	<title></title>

	<content>
	<text>To display output in SQL*Plus, we need to enable server output.</text>
</content>
</section>
<section type="slide" position="6">
	<title></title>

	<content>
	<text>This dynamic SQL statement that is built with concatenated input values is an injection vulnerability!The Stmt local PL/SQL variable represents an injectable string.</text>
</content>
</section>
<section type="slide" position="8">
	<title></title>

	<content>
	<text>First, let&apos;s test the procedure using legitimate values.</text>
</content>
</section>
<section type="slide" position="9">
	<title></title>

	<content>
	<text>The logon succeeded, as expected.</text>
</content>
</section>
<section type="slide" position="10">
	<title></title>

	<content>
	<text>Next, let&apos;s test the procedure using an invalid value for the second parameter.</text>
</content>
</section>
<section type="slide" position="11">
	<title></title>

	<content>
	<text>The logon failed, as expected.</text>
</content>
</section>
<section type="slide" position="12">
	<title></title>

	<content>
	<text>Now, let&apos;s enter a seemingly non-sensical string of&apos; or 1=1 and Rownum=1 --&apos;for the first parameter and an invalid value for the second parameter.Will this succeed?</text>
</content>
</section>
<section type="slide" position="13">
	<title></title>

	<content>
	<text>The SQL injection attack was successful!Why?</text>
</content>
</section>
<section type="slide" position="14">
	<title></title>

	<content>
	<text>Instead of being parsed only as a text string value of the first parameter, it transformed the SQL statement...</text>

	<text>Here is the string that was injected.</text>
</content>
</section>
<section type="slide" position="15">
	<title></title>

	<content>
	<text>The SQL parser&apos;s interpretation of the string literal transformed the WHERE clause into:WHERE Email = &apos;&apos; or 1=1 and Rownum=1 -- &apos; AND Last_Name = &apos;somepassword&apos;</text>
</content>
</section>
<section type="slide" position="16">
	<title></title>

	<content>
	<text>First, the single quote was interpreted as the closing quote for the Email value.</text>
</content>
</section>
<section type="slide" position="17">
	<title></title>

	<content>
	<text>Second, the or 1=1 was interpreted as a query condition.</text>
</content>
</section>
<section type="slide" position="18">
	<title></title>

	<content>
	<text>Third, the and Rownum=1 was interpreted as a query condition.</text>
</content>
</section>
<section type="slide" position="19">
	<title></title>

	<content>
	<text>Finally, the two dashes rendered the rest of the WHERE clause as a comment, and therefore, the Last_Name value was not evaluated.</text>
</content>
</section>
<section type="slide" position="20">
	<title></title>

	<content>
	<text>Not only is the USER_LOGIN procedure vulnerable to SQL injection attacks, it also contains several functional bugs.Let&apos;s quickly identify these bugs now. Then, in the SQL injection avoidance demonstration, you see that when you create well-designed code that is free from SQL injection vulnerability, you can also eliminate functional bugs.Click here to continue.</text>
</content>
</section>
<section type="slide" position="21">
	<title></title>

	<content>
	<text>Three records are inserted to help demonstrate the functional bugs.</text>
</content>
</section>
<section type="slide" position="22">
	<title></title>

	<content>
	<text>Bug: This will fail because the code does not expect trailing spaces. Fix: The code should trim trailing spaces and complete the logon.</text>
</content>
</section>
<section type="slide" position="24">
	<title></title>

	<content>
	<text>Bug: This will fail because the code does not expect legal embedded single quotes.Fix: The code should allow legal embedded single quotes and complete the logon.</text>
</content>
</section>
<section type="slide" position="25">
	<title></title>

	<content>
	<text>Bug: This will fail because the code does not expect leading single quotes.Fix: The code should allow leading single quotes and complete the logon.</text>
</content>
</section>
<section type="slide" position="26">
	<title></title>

	<content>
	<text>Bug: This will fail because the code does not expect singleton single quotes.Fix: The code should allow singleton single quotes and complete the logon.</text>
</content>
</section>
<section type="slide" position="28">
	<title></title>

	<content>
	<text>SummaryIn this demonstration, you should have learned:hA dynamic SQL statement built with concatenated input values can be a SQL injection vulnerabilityiSQL injection attacks can be perpetrated easily through string manipulation</text>

	<text>Close the window to exit the demonstration.</text>
</content>
</section>
</document-metadata>
