<?xml version="1.0" encoding="utf-8" ?>
<document-metadata version="1.0" xmlns="http://breeze.macromedia.com/ns/document-metadata" generator="Adobe Captivate 3">
<document-info>
	<title>les01_second_order_attack</title>
	<summary></summary>
	<author>user</author>
	<keywords>Adobe Captivate Project les01_second_order_attack</keywords>
	<view-link href="les01_second_order_attack.swf?slide={position}"/>
</document-info>
<section type="slide" position="1">
	<title></title>

	<content>
	<text>IntroductionIn this demonstration, you see an example of second order SQL injection attack.Click Start to begin.</text>

	<text>Use the controls at the bottom to pause, play, fast forward, or rewind the demonstration at any time.</text>
</content>
</section>
<section type="slide" position="2">
	<title></title>

	<content>
	<text>A second order SQL injection succeeds primarily because the application developer assumes that the data can be trusted by default when it comes from what he thinks is a reliable source.In this demonstration, an audit trigger tracks table creations. Because of a SQL injection vulnerability in the trigger, an attacker is able to create a table with malicious string embedded in the table name.Click here to continue.</text>
</content>
</section>
<section type="slide" position="3">
	<title></title>

	<content>
	<text>To ensure that the data in the audit trail table is refreshed, drop the trigger and the audit trail table first.</text>
</content>
</section>
<section type="slide" position="7">
	<title></title>

	<content>
	<text>Create the audit table.</text>
</content>
</section>
<section type="slide" position="11">
	<title></title>

	<content>
	<text>Create the trigger.</text>
</content>
</section>
<section type="slide" position="15">
	<title></title>

	<content>
	<text>Let&apos;s test the trigger first using a &quot;normal&quot; table name.</text>
</content>
</section>
<section type="slide" position="17">
	<title></title>

	<content>
	<text>Now let&apos;s check the record that should have been inserted into the audit trail.</text>
</content>
</section>
<section type="slide" position="20">
	<title></title>

	<content>
	<text>The audit trail record is correct.</text>
</content>
</section>
<section type="slide" position="21">
	<title></title>

	<content>
	<text>The attacker creates a table with a malicious string embedded in the table name.Notice the table name can contain almost any character if they are enclosed within double quotes.</text>
</content>
</section>
<section type="slide" position="24">
	<title></title>

	<content>
	<text>Let&apos;s check the audit record.</text>
</content>
</section>
<section type="slide" position="25">
	<title></title>

	<content>
	<text>Note that there is an audit record, but the table name is incompletely captured.</text>
</content>
</section>
<section type="slide" position="26">
	<title></title>

	<content>
	<text>The SQL injection would not have been detected only by reviewing the audit trail.</text>
</content>
</section>
<section type="slide" position="28">
	<title></title>

	<content>
	<text>The table name with the malicious string is now stored in the data dictionary. Because the data dictionary is a &quot;trusted&quot; source, the table name can then in turn be used to perpetrate an attack.</text>
</content>
</section>
<section type="slide" position="29">
	<title></title>

	<content>
	<text>How would you ensure that the complete table name is captured in the audit trail?</text>
</content>
</section>
<section type="slide" position="30">
	<title></title>

	<content>
	<text>The most effective way is to rewrite the trigger and use bind arguments with the dynamic SQL.</text>
</content>
</section>
<section type="slide" position="34">
	<title></title>

	<content>
	<text>Let&apos;s test with another attempt at SQL injection...</text>
</content>
</section>
<section type="slide" position="37">
	<title></title>

	<content>
	<text>Note that the complete table name was captured in the audit record.</text>
</content>
</section>
<section type="slide" position="41">
	<title></title>

	<content>
	<text>Note that you are still left with the possibility of a second order SQL injection. The table names with the embedded malicious strings are stored in the data dictionary.How can you prevent an attacker from inserting table names containing unacceptable strings?You will need to employ input validation and filtering to address this issue. This topic will be covered in more detail in lessons 5 and 6.Click here to continue.</text>
</content>
</section>
<section type="slide" position="42">
	<title></title>

	<content>
	<text>SummaryIn this demonstration, you should have learned:hA second order SQL injection attack can be carried out through a malicious string value that the attacker stores in a database table.hTo prevent second order SQL injection attacks, you should make sure all code, including subprograms called, use bind arguments instead of building dynamic SQL through input concatenation.</text>

	<text>Close the window to exit the demonstration.</text>
</content>
</section>
</document-metadata>
