<?xml version="1.0" encoding="utf-8" ?>
<document-metadata version="1.0" xmlns="http://breeze.macromedia.com/ns/document-metadata" generator="Adobe Captivate 3">
<document-info>
	<title>les01_first_order_attack</title>
	<summary></summary>
	<author>Jenny Tsai-Smith</author>
	<keywords>Adobe Captivate Project les01_first_order_attack</keywords>
	<view-link href="les01_first_order_attack.swf?slide={position}"/>
</document-info>
<section type="slide" position="1">
	<title></title>

	<content>
	<text>IntroductionIn this demonstration, you see an example of a first order SQL injection attack perpetrated through the use of the UNION operator to execute multiple queries.Click Start to begin.</text>

	<text>Use the controls at the bottom to pause, play, fast forward, or rewind the demonstration at any time.</text>
</content>
</section>
<section type="slide" position="2">
	<title></title>

	<content>
	<text>Connect as hr to create a procedure to retrieve employee phone numbers.</text>
</content>
</section>
<section type="slide" position="5">
	<title></title>

	<content>
	<text>This dynamic SQL statement with a concatenated input value is an injection vulnerability!</text>
</content>
</section>
<section type="slide" position="7">
	<title></title>

	<content>
	<text>First, let&apos;s test the procedure using a legitimate email ID.</text>
</content>
</section>
<section type="slide" position="8">
	<title></title>

	<content>
	<text>The procedure executed successfully, as expected.</text>
</content>
</section>
<section type="slide" position="9">
	<title></title>

	<content>
	<text>How can you retrieve a list of database usernames using this procedure?What SQL injection string might work?</text>
</content>
</section>
<section type="slide" position="12">
	<title></title>

	<content>
	<text>The SQL injection attack was successful!Why?</text>
</content>
</section>
<section type="slide" position="13">
	<title></title>

	<content>
	<text>Here is the string that was injected.</text>
</content>
</section>
<section type="slide" position="14">
	<title></title>

	<content>
	<text>Instead of being parsed only as a text string value of p_email, it transformed the SQL statement...</text>
</content>
</section>
<section type="slide" position="15">
	<title></title>

	<content>
	<text>First, the x&apos;&apos; was interpreted as the comparison value for the email column. This evaluates to false and therefore, no phone number is retrieved.But that doesn&apos;t matter, because what the attacker really wants is the list of database usernames...</text>
</content>
</section>
<section type="slide" position="16">
	<title></title>

	<content>
	<text>... the UNION operator allows the attacker to inject a second query statement ...</text>
</content>
</section>
<section type="slide" position="17">
	<title></title>

	<content>
	<text>... the second SELECT statement queries the all_users view to retrieve the database user names.</text>
</content>
</section>
<section type="slide" position="18">
	<title></title>

	<content>
	<text>But, why would the attacker include the WHERE clause in the query?Without something to &quot;make use of&quot; the closing single quote (part of the dynamic SQL string concatenation), the query would fail because the second query would end with all_users&apos;. If the attacker had not included the WHERE clause, the &quot;dangling&quot; single quote at the end would have caused a syntax error and the query would not have executed.</text>
</content>
</section>
<section type="slide" position="19">
	<title></title>

	<content>
	<text>How can you easily eliminate this SQL injection vulnerability?Use a bind argument with the dynamic SQL statement.Let&apos;s see the corrected get_phone procedure ...</text>
</content>
</section>
<section type="slide" position="22">
	<title></title>

	<content>
	<text>The only change to the dynamic SQL is the use of a placeholder (:p_email) and a bind argument (p_email).</text>
</content>
</section>
<section type="slide" position="26">
	<title></title>

	<content>
	<text>Let&apos;s test with a valid email ID and make sure that the procedure didn&apos;t break because of the code change.</text>
</content>
</section>
<section type="slide" position="27">
	<title></title>

	<content>
	<text>The procedure executed successfully and retrieved the phone number, as expected.</text>
</content>
</section>
<section type="slide" position="28">
	<title></title>

	<content>
	<text>Now let&apos;s try to perform the same SQL injection attack using the UNION operator.</text>
</content>
</section>
<section type="slide" position="29">
	<title></title>

	<content>
	<text>The procedure executed, but the attack failed -- the list of database usernames was not returned to the attacker!</text>
</content>
</section>
<section type="slide" position="30">
	<title></title>

	<content>
	<text>The SQL statement remained free of the SQL injection.</text>
</content>
</section>
<section type="slide" position="31">
	<title></title>

	<content>
	<text>SummaryIn this demonstration, you should have learned:hA dynamic SQL statement with concatenated input value(s) can be a SQL injection vulnerabilityiOne of the ways to perpetrate first order SQL injection attack is using the UNION operator</text>

	<text>Close the window to exit the demonstration.</text>
</content>
</section>
</document-metadata>
