<?xml version="1.0" encoding="utf-8" ?>
<document-metadata version="1.0" xmlns="http://breeze.macromedia.com/ns/document-metadata" generator="Adobe Captivate 3">
<document-info>
	<title>les01_ovw_avoid</title>
	<summary></summary>
	<author>user</author>
	<keywords>Adobe Captivate Project les01_ovw_avoid</keywords>
	<view-link href="les01_ovw_avoid.swf?slide={position}"/>
</document-info>
<section type="slide" position="1">
	<title></title>

	<content>
	<text>IntroductionIn this demonstration, you see an example of SQL injection avoidance using bind arguments with dynamic SQL.Click Start to begin.</text>

	<text>Use the controls at the bottom to pause, play, fast forward, or rewind the demonstration at any time.</text>
</content>
</section>
<section type="slide" position="2">
	<title></title>

	<content>
	<text>Let&apos;s rewrite the USER_LOGIN procedure using dynamic SQL and bind arguments to eliminate the SQL injection vulnerability.</text>
</content>
</section>
<section type="slide" position="7">
	<title></title>

	<content>
	<text>Although we are still executing a dynamic SQL statement, we no longer build the dynamic SQL using concatenated input.</text>
</content>
</section>
<section type="slide" position="8">
	<title></title>

	<content>
	<text>Instead, we now use placeholders for the bind arguments to construct the dynamic SQL.</text>
</content>
</section>
<section type="slide" position="10">
	<title></title>

	<content>
	<text>Testing with both the valid logon and the invalid password, we see the expected results.</text>
</content>
</section>
<section type="slide" position="11">
	<title></title>

	<content>
	<text>Let&apos;s attempt to inject the same string as before.Will this succeed?</text>
</content>
</section>
<section type="slide" position="13">
	<title></title>

	<content>
	<text>The SQL injection attack failed.</text>
</content>
</section>
<section type="slide" position="14">
	<title></title>

	<content>
	<text>Let&apos;s see if using bind arguments with dynamic SQL also resolved the functional bugs that we saw in the SQL injection attack demonstration.</text>
</content>
</section>
<section type="slide" position="15">
	<title></title>

	<content>
	<text>We&apos;ll insert the same set of test records as before.</text>
</content>
</section>
<section type="slide" position="17">
	<title></title>

	<content>
	<text>All the functional bugs have been fixed.</text>
</content>
</section>
<section type="slide" position="18">
	<title></title>

	<content>
	<text>All the functional bugs have been fixed.</text>
</content>
</section>
<section type="slide" position="19">
	<title></title>

	<content>
	<text>All the functional bugs have been fixed.</text>
</content>
</section>
<section type="slide" position="20">
	<title></title>

	<content>
	<text>All of the functional bugs have been fixed.</text>
</content>
</section>
<section type="slide" position="21">
	<title></title>

	<content>
	<text>All of the functional bugs have been fixed.</text>
</content>
</section>
<section type="slide" position="23">
	<title></title>

	<content>
	<text>SummaryIn this demonstration, you should have learned:hAn effective method to avoid SQL injection is by using bind arguments in a dynamic SQL statement</text>

	<text>Close the window to exit the demonstration.</text>
</content>
</section>
</document-metadata>
