<?xml version="1.0" encoding="utf-8" ?>
<document-metadata version="1.0" xmlns="http://breeze.macromedia.com/ns/document-metadata" generator="Adobe Captivate 3">
<document-info>
	<title>les03_staticsql</title>
	<summary></summary>
	<author>Jenny Tsai-Smith</author>
	<keywords>Adobe Captivate Project les03_staticsql</keywords>
	<view-link href="les03_staticsql.swf?slide={position}"/>
</document-info>
<section type="slide" position="1">
	<title></title>

	<content>
	<text>IntroductionIn this demonstration, you see an example of using static SQL to handle varying number of IN-list values in a query condition.Click Start to begin.</text>

	<text>Use the controls at the bottom to pause, play, fast forward, or rewind the demonstration at any time.</text>
</content>
</section>
<section type="slide" position="5">
	<title></title>

	<content>
	<text>Suppose you have a query that includes an IN-clause as one of the query conditions.You want to allow the user any number of values in the IN-clause.First, let us run the query directly to see what rows are returned.</text>
</content>
</section>
<section type="slide" position="6">
	<title></title>

	<content>
	<text>The first query sets the IN-clause to be two values: Germany and Canada.</text>
</content>
</section>
<section type="slide" position="9">
	<title></title>

	<content>
	<text>The second query sets the IN-clause to be three values: Germany, Canada, and United Kingdom.</text>
</content>
</section>
<section type="slide" position="10">
	<title></title>

	<content>
	<text>Because the number of values in the IN-clause may vary at run time, we can write this as a dynamic SQL statement.</text>
</content>
</section>
<section type="slide" position="11">
	<title></title>

	<content>
	<text>The &quot;easiest&quot; method would be to concatenate the IN-clause values as a string to a dynamic SQL statement.</text>
</content>
</section>
<section type="slide" position="13">
	<title></title>

	<content>
	<text>Let&apos;s test the procedure.</text>
</content>
</section>
<section type="slide" position="14">
	<title></title>

	<content>
	<text>Note that although the two values are passed as a single string into the procedure, the IN-list will be constructed as containing two separate values in the query.The IN clause will be: IN(&apos;Canada&apos;,&apos;Germany&apos;).</text>
</content>
</section>
<section type="slide" position="15">
	<title></title>

	<content>
	<text>The procedure works and returns the expected result set.</text>
</content>
</section>
<section type="slide" position="16">
	<title></title>

	<content>
	<text>However, you are at risk for SQL injection attacks if you use dynamic SQL with concatenated input.What can you do instead to eliminate the SQL injection vulnerability?</text>
</content>
</section>
<section type="slide" position="17">
	<title></title>

	<content>
	<text>Can you rewrite this dynamic SQL to use a bind argument instead?</text>
</content>
</section>
<section type="slide" position="20">
	<title></title>

	<content>
	<text>Let us rewrite the procedure to use a bind argument with the dynamic SQL.</text>
</content>
</section>
<section type="slide" position="22">
	<title></title>

	<content>
	<text>Notice that the two values are passed as a single string into the procedure. Because the string is passed as a single bind argument,  the IN-list will be constructed as containing a single literal value in the query.The IN clause will be: IN(&apos;&apos;Canada&apos;,&apos;Germany&apos;&apos;).Of course, there is no single country called &apos;Canada&apos;,&apos;Germany&apos;.</text>
</content>
</section>
<section type="slide" position="23">
	<title></title>

	<content>
	<text>The procedure that uses a single bind argument returned the wrong result set (i.e., no rows).</text>
</content>
</section>
<section type="slide" position="24">
	<title></title>

	<content>
	<text>You could rewrite the code and use multiple bind arguments (that is., p_country1, p_country2, p_country3, and so on) so that each value would be interpreted as a separate literal value.However, this may not be practical if there are too many possible values because you would need to have a bind argument for each possible value.</text>
</content>
</section>
<section type="slide" position="25">
	<title></title>

	<content>
	<text>We don&apos;t want to use dynamic SQL with concatenated input, but dynamic SQL with a single bind argument doesn&apos;t work.Can this be done with static SQL?</text>
</content>
</section>
<section type="slide" position="27">
	<title></title>

	<content>
	<text>We can use the object-relational feature of Oracle Database to store the IN-list values in a collection and then query back the values in a static SQL statement.</text>
</content>
</section>
<section type="slide" position="28">
	<title></title>

	<content>
	<text>First, create a collection type.</text>
</content>
</section>
<section type="slide" position="29">
	<title></title>

	<content>
	<text>Note that if you want to define object types for use in any schema, you can specify the AUTHID CURRENT_USER clause when creating the object type.  This can mitigate the impact of SQL injection attacks by preventing privilege escalation.See the Oracle Database documentation on object-relational types for more information.</text>
</content>
</section>
<section type="slide" position="31">
	<title></title>

	<content>
	<text>Next, create a function that takes in a delimited list of values and parses them into a collection.</text>
</content>
</section>
<section type="slide" position="35">
	<title></title>

	<content>
	<text>Finally, create the procedure that makes use of the function in the IN-list of a static SQL statement.</text>
</content>
</section>
<section type="slide" position="37">
	<title></title>

	<content>
	<text>Let&apos;s test the procedure.</text>
</content>
</section>
<section type="slide" position="39">
	<title></title>

	<content>
	<text>The procedure with static SQL works!</text>
</content>
</section>
<section type="slide" position="40">
	<title></title>

	<content>
	<text>Let&apos;s test it further with a different number of IN-list values.</text>
</content>
</section>
<section type="slide" position="42">
	<title></title>

	<content>
	<text>Again, the correct result set is returned.</text>
</content>
</section>
<section type="slide" position="43">
	<title></title>

	<content>
	<text>SummaryIn this demonstration, you should have learned:hYou do not need to use dynamic SQL to handle varying number of IN-list values in the query condition. Instead, you can use static SQL.</text>

	<text>Close the window to exit the demonstration.</text>
</content>
</section>
</document-metadata>
