<?xml version="1.0" encoding="utf-8" ?>
<document-metadata version="1.0" xmlns="http://breeze.macromedia.com/ns/document-metadata" generator="Adobe Captivate 3">
<document-info>
	<title>les03_quiz</title>
	<summary></summary>
	<author>Jenny Tsai-Smith</author>
	<keywords>Adobe Captivate Project les03_quiz</keywords>
	<view-link href="les03_quiz.swf?slide={position}"/>
</document-info>
<section type="slide" position="1">
	<title></title>

	<content>
	<text>In comparison to dynamic SQL, the risk of SQL injection is more when using static SQL.</text>

	<text>A) True</text>

	<text>B) False</text>
</content>
</section>
<section type="slide" position="2">
	<title></title>

	<content>
	<text>If you must use dynamic SQL, avoid using input concatenation to build the dynamic SQL.</text>

	<text>A) True</text>

	<text>B) False</text>
</content>
</section>
<section type="slide" position="3">
	<title></title>

	<content>
	<text>Complete the sentence below by filling in the blank.</text>

	<text>Instead of concatenating input, use  &lt;1&gt; with dynamic SQL.</text>
</content>
</section>
<section type="slide" position="4">
	<title></title>

	<content>
	<text>End of Lesson 3 Quiz</text>
</content>
</section>
</document-metadata>
