<?xml version="1.0" encoding="utf-8" ?>
<document-metadata version="1.0" xmlns="http://breeze.macromedia.com/ns/document-metadata" generator="Adobe Captivate 3">
<document-info>
	<title>les03_like_staticsql</title>
	<summary></summary>
	<author>Jenny Tsai-Smith</author>
	<keywords>Adobe Captivate Project les03_like_staticsql</keywords>
	<view-link href="les03_like_staticsql.swf?slide={position}"/>
</document-info>
<section type="slide" position="1">
	<title></title>

	<content>
	<text>IntroductionIn this demonstration, you see an example of using static SQL to handle the LIKE comparison operator in a query condition.Click Start to begin.</text>

	<text>Use the controls at the bottom to pause, play, fast forward, or rewind the demonstration at any time.</text>
</content>
</section>
<section type="slide" position="2">
	<title></title>

	<content>
	<text>In this demonstration, we will first examine code using dynamic SQL to handle the LIKE comparison operator in a query condition.</text>
</content>
</section>
<section type="slide" position="4">
	<title></title>

	<content>
	<text>Note that string concatenation is used to build the dynamic SQL.Why?</text>
</content>
</section>
<section type="slide" position="5">
	<title></title>

	<content>
	<text>If the dynamic SQL were written using a bind argument:...WHERE product_name like &apos;&apos;%&apos;&apos;||:p_product_name||&apos;&apos;%&apos;&apos;&apos;; Will it work?</text>
</content>
</section>
<section type="slide" position="6">
	<title></title>

	<content>
	<text>Yes, you can use a bind argument with the dynamic SQL to avoid SQL injection attacks.</text>
</content>
</section>
<section type="slide" position="7">
	<title></title>

	<content>
	<text>Let&apos;s test the procedure.</text>
</content>
</section>
<section type="slide" position="8">
	<title></title>

	<content>
	<text>The procedure returns the correct result set.However, is this code vulnerable to SQL injection?</text>
</content>
</section>
<section type="slide" position="9">
	<title></title>

	<content>
	<text>Using string concatenation to build dynamic SQL definitely exposes the application to SQL injection attacks.Let&apos;s try to perform a SQL injection attack and see if we can retrieve the list of database accounts.</text>
</content>
</section>
<section type="slide" position="10">
	<title></title>

	<content>
	<text>Note the SQL injection attack succeeded through the concatenation of a UNION set operator to the dynamic SQL statement.</text>
</content>
</section>
<section type="slide" position="13">
	<title></title>

	<content>
	<text>Can we use static SQL instead?</text>
</content>
</section>
<section type="slide" position="15">
	<title></title>

	<content>
	<text>To use static SQL, we can accept the user input, and then concatenate the necessary string (taht is, %) to a local variable, which is then passed into a static SQL statement.</text>
</content>
</section>
<section type="slide" position="17">
	<title></title>

	<content>
	<text>The procedure runs correctly with a &quot;normal&quot; input.</text>
</content>
</section>
<section type="slide" position="18">
	<title></title>

	<content>
	<text>Is it vulnerable to SQL injection?</text>
</content>
</section>
<section type="slide" position="20">
	<title></title>

	<content>
	<text>The SQL injection attempt failed.</text>
</content>
</section>
<section type="slide" position="21">
	<title></title>

	<content>
	<text>SummaryIn this demonstration, you should have learned:hYou do not need to use dynamic SQL to handle the LIKE comparison operator in the query condition. Instead, you can use static SQL.</text>

	<text>Close the window to exit the demonstration.</text>
</content>
</section>
</document-metadata>
