<?xml version="1.0" encoding="utf-8" ?>
<breeze-manifest version="1.0" xmlns="http://breeze.macromedia.com/ns/breeze-manifest" generator="Adobe Captivate 3">
	<document type="captivate" icon="captivate" />
	<assets>
		<asset type="document-view">
			
			<entry href="les06_quiz.swf" width="400" height="357" />
			<file href="les06_quiz.swf"/>
			
			
			
		</asset>
		
		<asset type="document-metadata" location="file"><file href="les06_quiz_BDMetadata.xml"/></asset>
		
	</assets>
</breeze-manifest>
