<?xml version="1.0" encoding="utf-8" ?>
<document-metadata version="1.0" xmlns="http://breeze.macromedia.com/ns/document-metadata" generator="Adobe Captivate 3">
<document-info>
	<title>les06_quiz</title>
	<summary></summary>
	<author>Jenny Tsai-Smith</author>
	<keywords>Adobe Captivate Project les06_quiz</keywords>
	<view-link href="les06_quiz.swf?slide={position}"/>
</document-info>
<section type="slide" position="1">
	<title></title>

	<content>
	<text>In general, it is best to generate Oracle identifiers using:</text>

	<text>A) sequences</text>

	<text>B) object IDs</text>

	<text>C) another Oracle identifier</text>

	<text>D) direct user input</text>
</content>
</section>
<section type="slide" position="2">
	<title></title>

	<content>
	<text>Which of the following are design considerations important to immunizing your code against SQL injections? Select all that apply.</text>

	<text>A) Use bind arguments with dynamic SQL</text>

	<text>B) Encrypt important data</text>

	<text>C) Filter and sanitize input</text>

	<text>D) Do not divulge metadata information in error messages</text>
</content>
</section>
<section type="slide" position="3">
	<title></title>

	<content>
	<text>If you need to handle &quot;filter&quot; parameters in your code, try to avoid executing such routines with definer&apos;s rights.</text>

	<text>A) True</text>

	<text>B) False</text>
</content>
</section>
<section type="slide" position="4">
	<title></title>

	<content>
	<text>End of Lesson 6 Quiz</text>
</content>
</section>
</document-metadata>
