<?xml version="1.0" encoding="utf-8" ?>
<document-metadata version="1.0" xmlns="http://breeze.macromedia.com/ns/document-metadata" generator="Adobe Captivate 3">
<document-info>
	<title>les06_trigger</title>
	<summary></summary>
	<author>Jenny Tsai-Smith</author>
	<keywords>Adobe Captivate Project les06_trigger</keywords>
	<view-link href="les06_trigger.swf?slide={position}"/>
</document-info>
<section type="slide" position="1">
	<title></title>

	<content>
	<text>IntroductionIn this demonstration, you see an example of generating an Oracle identifier using a user-supplied identifier.Click Start to begin.</text>

	<text>Use the controls at the bottom to pause, play, fast forward, or rewind the demonstration at any time.</text>
</content>
</section>
<section type="slide" position="5">
	<title></title>

	<content>
	<text>You need to write a procedure that generates a trigger on a named table.The procedure needs to accept two parameters, the schema name and the table name.</text>
</content>
</section>
<section type="slide" position="12">
	<title></title>

	<content>
	<text>Note that by looking up the object id from the data dictionary using the user-supplied input in this static SQL statement, you are essentially validating the input.</text>
</content>
</section>
<section type="slide" position="13">
	<title></title>

	<content>
	<text>Use the DBMS_ASSERT functions to ensure correct identifier formatting is preserved.</text>
</content>
</section>
<section type="slide" position="15">
	<title></title>

	<content>
	<text>Test the procedure.</text>
</content>
</section>
<section type="slide" position="19">
	<title></title>

	<content>
	<text>Drop the objects created for this demonstration.</text>
</content>
</section>
<section type="slide" position="20">
	<title></title>

	<content>
	<text>SummaryIn this demonstration, you should have learned:hAn Oracle identifier can be generated using the object id of a user-supplied identifier.hIn addition to being SQL injection-proof, this example meets the following requirements:   - generated name is predictable and unique   - generated name is immune to object renaming</text>

	<text>Close the window to exit the demonstration.</text>
</content>
</section>
</document-metadata>
