<?xml version="1.0" encoding="utf-8" ?>
<document-metadata version="1.0" xmlns="http://breeze.macromedia.com/ns/document-metadata" generator="Adobe Captivate 3">
<document-info>
	<title>les05_quiz</title>
	<summary></summary>
	<author>Jenny Tsai-Smith</author>
	<keywords>Adobe Captivate Project les05_quiz</keywords>
	<view-link href="les05_quiz.swf?slide={position}"/>
</document-info>
<section type="slide" position="1">
	<title></title>

	<content>
	<text>In this statement: SELECT total FROM orders WHERE ord_id = p_ordid The table name orders is being used as:</text>

	<text>A) a literal</text>

	<text>B) an identifier</text>

	<text>C) a placeholder</text>

	<text>D) an argument</text>
</content>
</section>
<section type="slide" position="2">
	<title></title>

	<content>
	<text>Which of these DBMS_ASSERT functions modifies the input string? </text>

	<text>A) Simple_SQL_Name</text>

	<text>B) Enquote_Literal</text>
</content>
</section>
<section type="slide" position="3">
	<title></title>

	<content>
	<text>If you need to validate a database link name, you should use the DBMS_UTILITY.NAME_TOKENIZE procedure.</text>

	<text>A) True</text>

	<text>B) False</text>
</content>
</section>
<section type="slide" position="4">
	<title></title>

	<content>
	<text>End of Lesson 5 Quiz</text>
</content>
</section>
</document-metadata>
