<?xml version="1.0" encoding="utf-8" ?>
<document-metadata version="1.0" xmlns="http://breeze.macromedia.com/ns/document-metadata" generator="Adobe Captivate 3">
<document-info>
	<title>les05_identifiers_ovw</title>
	<summary></summary>
	<author>user</author>
	<keywords>Adobe Captivate Project les05_identifiers_ovw</keywords>
	<view-link href="les05_identifiers_ovw.swf?slide={position}"/>
</document-info>
<section type="slide" position="1">
	<title></title>

	<content>
	<text>IntroductionIn this demonstration, you see an example of second order SQL injections via concatenated Oracle identifiers.Click Start to begin.</text>

	<text>Use the controls at the bottom to pause, play, fast forward, or rewind the demonstration at any time.</text>
</content>
</section>
<section type="slide" position="2">
	<title></title>

	<content>
	<text>In this example, you will see how if an Oracle identifier containing a malicious string is injected into the data dictionary, it can then be used to perform a SQL injection attack.</text>
</content>
</section>
<section type="slide" position="3">
	<title></title>

	<content>
	<text>First, we&apos;ll create a table called IMPORTANT_TABLE which will be the SQL injection attack target. </text>
</content>
</section>
<section type="slide" position="6">
	<title></title>

	<content>
	<text>The hacker might have created a destructive function, such as EVIL_FUNCTION through another security breach in the application.</text>
</content>
</section>
<section type="slide" position="10">
	<title></title>

	<content>
	<text>The hacker might have also created a table using the quoted identifier format so that a malicious string can be embedded.</text>
</content>
</section>
<section type="slide" position="13">
	<title></title>

	<content>
	<text>The COUNT_RECORDS procedure is part of the application.Notice it contains a SQL injection vulnerability -- dynamic SQL with string concatenation.</text>
</content>
</section>
<section type="slide" position="14">
	<title></title>

	<content>
	<text>Unfortunately, this dynamic SQL with the concatenation of the table name cannot be re-written to use a bind argument. Oracle identifiers (such as table names) and key words cannot be bind arguments.</text>
</content>
</section>
<section type="slide" position="16">
	<title></title>

	<content>
	<text>Let&apos;s check how many records there are in IMPORTANT_TABLE before we run the procedure containing the SQL injectable flaw. </text>
</content>
</section>
<section type="slide" position="20">
	<title></title>

	<content>
	<text>Now let&apos;s run COUNT_RECORDS, the procedure with the dynamic SQL and string concatenation.</text>
</content>
</section>
<section type="slide" position="23">
	<title></title>

	<content>
	<text>Notice the last query is actually selecting from DUAL, then executing EVIL_FUNCTION!</text>
</content>
</section>
<section type="slide" position="24">
	<title></title>

	<content>
	<text>The identifier (table name) is &quot;dual where 1=evil_function&quot;. However, because the string is concatenated as an unquoted identifier (i.e., in internal format), the string is not treated as a literal. Instead it alters the SQL statement construct.</text>
</content>
</section>
<section type="slide" position="25">
	<title></title>

	<content>
	<text>Recall that EVIL_FUNCTION deletes all records from IMPORTANT_TABLE.How many records are there in IMPORTANT_TABLE now?</text>
</content>
</section>
<section type="slide" position="27">
	<title></title>

	<content>
	<text>The records in IMPORTANT_TABLE have been deleted by EVIL_FUNCTION!How could a function in a query perform DML?</text>
</content>
</section>
<section type="slide" position="28">
	<title></title>

	<content>
	<text>In EVIL_FUNCTION, the statement:PRAGMA AUTONOMOUS_TRANSACTION;in conjunction with the COMMIT statement in the functionrenders the DML performed through the function an autonomous transaction, which is allowed in a query statement.</text>
</content>
</section>
<section type="slide" position="29">
	<title></title>

	<content>
	<text>How can you modify the COUNT_RECORDS procedure so that it would not be vulnerable to the SQL injection attack?</text>
</content>
</section>
<section type="slide" position="30">
	<title></title>

	<content>
	<text>Fortunately, we can re-create IMPORTANT_TABLE easily...We&apos;ll drop it then use CTAS to recreate it.</text>
</content>
</section>
<section type="slide" position="40">
	<title></title>

	<content>
	<text>Let&apos;s re-write the COUNT_RECORDS procedure and use a DBMS_ASSERT function to filter and sanitize the input.</text>
</content>
</section>
<section type="slide" position="41">
	<title></title>

	<content>
	<text>The ENQUOTE_NAME function encloses the input string within double quotes, and checks to make sure all double quotes within the string are paired up.The second, boolean, parameter tells ENQUOTE_NAME whether to capitalize the string or not. In general, it is best to set this to FALSE.You will learn more about each of the DBMS_ASSERT functions in the rest of this lesson.</text>
</content>
</section>
<section type="slide" position="43">
	<title></title>

	<content>
	<text>Let&apos;s test the modified procedure.</text>
</content>
</section>
<section type="slide" position="46">
	<title></title>

	<content>
	<text>Notice that with the identifier enclosed in double quotes, the entire string is treated as the name of a single identifier.</text>
</content>
</section>
<section type="slide" position="48">
	<title></title>

	<content>
	<text>Let&apos;s check whether EVIL_FUNCTION was able to delete the records from IMPORTANT_TABLE...</text>
</content>
</section>
<section type="slide" position="50">
	<title></title>

	<content>
	<text>This time, EVIL_FUNCTION was not executed, and IMPORTANT_TABLE remained intact.</text>
</content>
</section>
<section type="slide" position="52">
	<title></title>

	<content>
	<text>Let&apos;s clean up the objects created for the purposes of this demonstration.</text>
</content>
</section>
<section type="slide" position="54">
	<title></title>

	<content>
	<text>SummaryIn this demonstration, you should have learned:hA second order SQL injection can exploit malicious string embedded in an Oracle identifier stored in the data dictionary.hInput string concatenated to dynamic SQL must be filtered and sanitized.hThe DBMS_ASSERT package contains functions that can help with string filtering and sanitization, especially if the string is supposed to be an Oracle identifier.</text>

	<text>Close the window to exit the demonstration.</text>
</content>
</section>
</document-metadata>
